code,city,prefix
01101,札幌市中央区,E924786
01102,札幌市北区,E92478
01103,札幌市東区,E92478
01104,札幌市白石区,E92478
01105,札幌市豊平区,E924786
01106,札幌市南区,E92478
01107,札幌市西区,E92478
01108,札幌市厚別区,E9247
01109,札幌市手稲区,E92478
01110,札幌市清田区,E924786
01202,函館市,E9247
01203,小樽市,E92478
01204,旭川市,E927
01205,室蘭市,E92475
01206,釧路市,E92
01207,帯広市,E9248
01208,北見市,E9272
01209,夕張市,E924
01210,岩見沢市,E92479
01211,網走市,E9272
01212,留萌市,E92713
01213,苫小牧市,E9247
01214,稚内市,E92719
01215,美唄市,E92
01216,芦別市,E927
01217,江別市,E9247
01218,赤平市,E92713
01219,紋別市,E9272
01220,士別市,E9272
01221,名寄市,E92724
01222,三笠市,E92479
01223,根室市,E92
01224,千歳市,E9247
01225,滝川市,E92713
01226,砂川市,E927132
01227,歌志内市,E927133
01228,深川市,E92713
01229,富良野市,E92
01230,登別市,E924758
01231,恵庭市,E9247
01233,伊達市,E9247
01234,北広島市,E9247
01235,石狩市,E92
01236,北斗市,E9247
01303,石狩郡当別町,E92
01304,石狩郡新篠津村,E924797
01331,松前郡松前町,E9
01332,松前郡福島町,E92471
01333,上磯郡知内町,E92471
01334,上磯郡木古内町,E92471
01337,亀田郡七飯町,E9247
01343,茅部郡鹿部町,E9247
01345,茅部郡森町,E9247
01346,二海郡八雲町,E9
01347,山越郡長万部町,E9247
01361,檜山郡江差町,E9247
01362,檜山郡上ノ国町,E92471
01363,檜山郡厚沢部町,E9247
01364,爾志郡乙部町,E92474
01367,奥尻郡奥尻町,E91696
01370,瀬棚郡今金町,E9
01371,久遠郡せたな町,E91696
01391,島牧郡島牧村,E9
01392,寿都郡寿都町,E92477
01393,寿都郡黒松内町,E92477
01394,磯谷郡蘭越町,E92477
01395,虻田郡ニセコ町,E9247
01396,虻田郡真狩村,E9247
01397,虻田郡留寿都村,E924781
01398,虻田郡喜茂別町,E92478
01399,虻田郡京極町,E92478
01400,虻田郡倶知安町,E9247
01401,岩内郡共和町,E924776
01402,岩内郡岩内町,E92477
01403,古宇郡泊村,E92477
01404,古宇郡神恵内村,E924778
01405,積丹郡積丹町,E92
01406,古平郡古平町,E924779
01407,余市郡仁木町,E9247
01408,余市郡余市町,E9247
01409,余市郡赤井川村,E92478
01423,空知郡南幌町,E92479
01424,空知郡奈井江町,E927132
01425,空知郡上砂川町,E92713
01427,夕張郡由仁町,E924795
01428,夕張郡長沼町,E92479
01429,夕張郡栗山町,E92479
01430,樺戸郡月形町,E92
01431,樺戸郡浦臼町,E927132
01432,樺戸郡新十津川町,E92713
01433,雨竜郡妹背牛町,E927135
01434,雨竜郡秩父別町,E92713
01436,雨竜郡雨竜町,E92713
01437,雨竜郡北竜町,E927135
01438,雨竜郡沼田町,E92713
01452,上川郡鷹栖町,E92721
01453,上川郡東神楽町,E92721
01454,上川郡当麻町,E92721
01455,上川郡比布町,E92721
01456,上川郡愛別町,E927218
01457,上川郡上川町,E9272
01458,上川郡東川町,E92721
01459,上川郡美瑛町,E92721
01460,空知郡上富良野町,E92721
01461,空知郡中富良野町,E92721
01462,空知郡南富良野町,E92487
01463,勇払郡占冠村,E92487
01464,上川郡和寒町,E9272
01465,上川郡剣淵町,E9272
01468,上川郡下川町,E92724
01469,中川郡美深町,E92724
01470,中川郡音威子府村,E927
01471,中川郡中川町,E9271
01472,雨竜郡幌加内町,E927
01481,増毛郡増毛町,E9271
01482,留萌郡小平町,E9271
01483,苫前郡苫前町,E92716
01484,苫前郡羽幌町,E9271
01485,苫前郡初山別村,E92716
01486,天塩郡遠別町,E92716
01487,天塩郡天塩町,E92719
01511,宗谷郡猿払村,E927
01512,枝幸郡浜頓別町,E927
01513,枝幸郡中頓別町,E927
01514,枝幸郡枝幸町,E9272
01516,天塩郡豊富町,E92719
01517,礼文郡礼文町,E927188
01518,利尻郡利尻町,E927185
01519,利尻郡利尻富士町,E92718
01520,天塩郡幌延町,E92719
01543,網走郡美幌町,E92723
01544,網走郡津別町,E92723
01545,斜里郡斜里町,E9273
01546,斜里郡清里町,E92731
01547,斜里郡小清水町,E927
01549,常呂郡訓子府町,E9272
01550,常呂郡置戸町,E92722
01552,常呂郡佐呂間町,E9272
01555,紋別郡遠軽町,E9272
01559,紋別郡湧別町,E9272
01560,紋別郡滝上町,E9272
01561,紋別郡興部町,E9272
01562,紋別郡西興部村,E9272
01563,紋別郡雄武町,E9272
01564,網走郡大空町,E92723
01571,虻田郡豊浦町,E9247
01575,有珠郡壮瞥町,E9247
01578,白老郡白老町,E9247
01581,勇払郡厚真町,E92479
01584,虻田郡洞爺湖町,E9247
01585,勇払郡安平町,E92479
01586,勇払郡むかわ町,E924
01601,沙流郡日高町,E924
01602,沙流郡平取町,E924
01604,新冠郡新冠町,E9248
01607,浦河郡浦河町,E9248
01608,様似郡様似町,E9248
01609,幌泉郡えりも町,E92485
01610,日高郡新ひだか町,E92484
01631,河東郡音更町,E92488
01632,河東郡士幌町,E92488
01633,河東郡上士幌町,E92
01634,河東郡鹿追町,E9248
01635,上川郡新得町,E92
01636,上川郡清水町,E9248
01637,河西郡芽室町,E9248
01638,河西郡中札内村,E9248
01639,河西郡更別村,E92488
01641,広尾郡大樹町,E9248
01642,広尾郡広尾町,E92485
01643,中川郡幕別町,E9248
01644,中川郡池田町,E92488
01645,中川郡豊頃町,E92488
01646,中川郡本別町,E9248
01647,足寄郡足寄町,E92
01648,足寄郡陸別町,E9272
01649,十勝郡浦幌町,E9248
01661,釧路郡釧路町,E924
01662,厚岸郡厚岸町,E92497
01663,厚岸郡浜中町,E9249
01664,川上郡標茶町,E92
01665,川上郡弟子屈町,E927
01667,阿寒郡鶴居村,E92
01668,白糠郡白糠町,E92489
01691,野付郡別海町,E92
01692,標津郡中標津町,E92731
01693,標津郡標津町,E92731
01694,目梨郡羅臼町,E9273
02201,青森市,E9244
02202,弘前市,E92447
02203,八戸市,E9244
02204,黒石市,E9244
02205,五所川原市,E92447
02206,十和田市,E92448
02207,三沢市,E924486
02208,むつ市,E92472
02209,つがる市,E92447
02210,平川市,E9244
02301,東津軽郡平内町,E92448
02303,東津軽郡今別町,E92471
02304,東津軽郡蓬田村,E9244795
02307,東津軽郡外ケ浜町,E924
02321,西津軽郡鰺ヶ沢町,E92447
02323,西津軽郡深浦町,E9
02343,中津軽郡西目屋村,E92447
02361,南津軽郡藤崎町,E92447
02362,南津軽郡大鰐町,E924473
02367,南津軽郡田舎館村,E9244761
02381,北津軽郡板柳町,E92447
02384,北津軽郡鶴田町,E924475
02387,北津軽郡中泊町,E924
02401,上北郡野辺地町,E92448
02402,上北郡七戸町,E92448
02405,上北郡六戸町,E92448
02406,上北郡横浜町,E924
02408,上北郡東北町,E92448
02411,上北郡六ヶ所村,E924489
02412,上北郡おいらせ町,E92448
02423,下北郡大間町,E924724
02424,下北郡東通村,E92472
02425,下北郡風間浦村,E92472
02426,下北郡佐井村,E92472
02441,三戸郡三戸町,E9244
02442,三戸郡五戸町,E92448
02443,三戸郡田子町,E924458
02445,三戸郡南部町,E9244
02446,三戸郡階上町,E924491
02450,三戸郡新郷村,E924482
03201,盛岡市,E9244
03202,宮古市,E9244
03203,大船渡市,E92443
03205,花巻市,E92442
03206,北上市,E92442
03207,久慈市,E92446
03208,遠野市,E9244
03209,一関市,E924
03210,陸前高田市,E924431
03211,釜石市,E92443
03213,二戸市,E92445
03214,八幡平市,E92445
03215,奥州市,E92442
03216,滝沢市,E924452
03301,岩手郡雫石町,E9244
03302,岩手郡葛巻町,E9244
03303,岩手郡岩手町,E92445
03321,紫波郡紫波町,E92442
03322,紫波郡矢巾町,E9244
03366,和賀郡西和賀町,E9244
03381,胆沢郡金ケ崎町,E92442
03402,西磐井郡平泉町,E924422
03441,気仙郡住田町,E924434
03461,上閉伊郡大槌町,E92443
03482,下閉伊郡山田町,E92443
03483,下閉伊郡岩泉町,E92446
03484,下閉伊郡田野畑村,E92446
03485,下閉伊郡普代村,E924465
03501,九戸郡軽米町,E9244
03503,九戸郡野田村,E924465
03506,九戸郡九戸村,E924459
03507,九戸郡洋野町,E9244
03524,二戸郡一戸町,E92445
04101,仙台市青葉区,E9241
04102,仙台市宮城野区,E92418
04103,仙台市若林区,E924181
04104,仙台市太白区,E9241
04105,仙台市泉区,E9241
04202,石巻市,E9241
04203,塩竈市,E924182
04205,気仙沼市,E924
04206,白石市,E924149
04207,名取市,E9241
04208,角田市,E9241
04209,多賀城市,E92418
04211,岩沼市,E924157
04212,登米市,E92418
04213,栗原市,E924
04214,東松島市,E92418
04215,大崎市,E9241
04216,富谷市,E92418
04301,刈田郡蔵王町,E924149
04302,刈田郡七ヶ宿町,E92414
04321,柴田郡大河原町,E9241
04322,柴田郡村田町,E9241
04323,柴田郡柴田町,E924157
04324,柴田郡川崎町,E9241
04341,伊具郡丸森町,E9241
04361,亘理郡亘理町,E924157
04362,亘理郡山元町,E924157
04401,宮城郡松島町,E92418
04404,宮城郡七ヶ浜町,E924182
04406,宮城郡利府町,E92418
04421,黒川郡大和町,E92418
04422,黒川郡大郷町,E92418
04424,黒川郡大衡村,E924184
04444,加美郡色麻町,E924184
04445,加美郡加美町,E9241
04501,遠田郡涌谷町,E924185
04505,遠田郡美里町,E924185
04581,牡鹿郡女川町,E9241
04606,本吉郡南三陸町,E9241
05201,秋田市,E9244
05202,能代市,E9
05203,横手市,E92441
05204,大館市,E9244
05206,男鹿市,E91666
05207,湯沢市,E92441
05209,鹿角市,E9244
05210,由利本荘市,E9
05211,潟上市,E92444
05212,大仙市,E9244
05213,北秋田市,E92444
05214,にかほ市,E9
05215,仙北市,E9244
05303,鹿角郡小坂町,E9244
05327,北秋田郡上小阿仁村,E924445
05346,山本郡藤里町,E9244
05348,山本郡三種町,E9
05349,山本郡八峰町,E9244
05361,南秋田郡五城目町,E924444
05363,南秋田郡八郎潟町,E924444
05366,南秋田郡井川町,E92444
05368,南秋田郡大潟村,E9
05434,仙北郡美郷町,E92441
05463,雄勝郡羽後町,E92441
05464,雄勝郡東成瀬村,E92441
06201,山形市,E92417
06202,米沢市,E9
06203,鶴岡市,E91639
06204,酒田市,E9
06205,新庄市,E92417
06206,寒河江市,E92417
06207,上山市,E9241
06208,村山市,E924175
06209,長井市,E9
06210,天童市,E924172
06211,東根市,E92417
06212,尾花沢市,E92417
06213,南陽市,E9241
06301,東村山郡山辺町,E92417
06302,東村山郡中山町,E92417
06321,西村山郡河北町,E92417
06322,西村山郡西川町,E9
06323,西村山郡朝日町,E9
06324,西村山郡大江町,E92417
06341,北村山郡大石田町,E924175
06361,最上郡金山町,E924
06362,最上郡最上町,E92417
06363,最上郡舟形町,E92417
06364,最上郡真室川町,E924
06365,最上郡大蔵村,E92417
06366,最上郡鮭川村,E92417
06367,最上郡戸沢村,E924177
06381,東置賜郡高畠町,E92414
06382,東置賜郡川西町,E9
06401,西置賜郡小国町,E9163
06402,西置賜郡白鷹町,E9241
06403,西置賜郡飯豊町,E9
06426,東田川郡三川町,E916399
06428,東田川郡庄内町,E9
06461,飽海郡遊佐町,E9
07201,福島市,E92414
07202,会津若松市,E9
07203,郡山市,E9241
07204,いわき市,E9241
07205,白河市,E92411
07207,須賀川市,E92411
07208,喜多方市,E91636
07209,相馬市,E9241
07210,二本松市,E92414
07211,田村市,E9241
07212,南相馬市,E92415
07213,伊達市,E92414
07214,本宮市,E92414
07301,伊達郡桑折町,E92414
07303,伊達郡国見町,E92414
07308,伊達郡川俣町,E92414
07322,安達郡大玉村,E924142
07342,岩瀬郡鏡石町,E924118
07344,岩瀬郡天栄村,E9
07362,南会津郡下郷町,E91633
07364,南会津郡檜枝岐村,E916334
07367,南会津郡只見町,E9163
07368,南会津郡南会津町,E91633
07402,耶麻郡北塩原村,E9
07405,耶麻郡西会津町,E91636
07407,耶麻郡磐梯町,E9
07408,耶麻郡猪苗代町,E92414
07421,河沼郡会津坂下町,E91636
07422,河沼郡湯川村,E916363
07423,河沼郡柳津町,E9163
07444,大沼郡三島町,E9163
07445,大沼郡金山町,E9163
07446,大沼郡昭和村,E916338
07447,大沼郡会津美里町,E9163
07461,西白河郡西郷村,E92411
07464,西白河郡泉崎村,E92411
07465,西白河郡中島村,E92411
07466,西白河郡矢吹町,E92411
07481,東白川郡棚倉町,E924115
07482,東白川郡矢祭町,E92411
07483,東白川郡塙町,E92411
07484,東白川郡鮫川村,E92411
07501,石川郡石川町,E92411
07502,石川郡玉川村,E92411
07503,石川郡平田村,E924119
07504,石川郡浅川町,E924115
07505,石川郡古殿町,E924116
07521,田村郡三春町,E9241
07522,田村郡小野町,E924119
07541,双葉郡広野町,E92412
07542,双葉郡楢葉町,E92412
07543,双葉郡富岡町,E92412
07544,双葉郡川内村,E924127
07545,双葉郡大熊町,E9241
07546,双葉郡双葉町,E92415
07547,双葉郡浪江町,E9241
07548,双葉郡葛尾村,E9241
07561,相馬郡新地町,E924154
07564,相馬郡飯舘村,E9241
08201,水戸市,E92177
08202,日立市,E92
08203,土浦市,E92177
08204,古河市,E91399
08205,石岡市,E92177
08207,結城市,E913996
08208,龍ヶ崎市,E9217
08210,下妻市,E9
08211,常総市,E9
08212,常陸太田市,E92
08214,高萩市,E924113
08215,北茨城市,E9241
08216,笠間市,E92177
08217,取手市,E9217
08219,牛久市,E92177
08220,つくば市,E92177
08221,ひたちなか市,E92177
08222,鹿嶋市,E921773
08223,潮来市,E9217
08224,守谷市,E9
08225,常陸大宮市,E92
08226,那珂市,E92177
08227,筑西市,E9
08228,坂東市,E913993
08229,稲敷市,E9217
08230,かすみがうら市,E92177
08231,桜川市,E921774
08232,神栖市,E9217
08233,行方市,E92177
08234,鉾田市,E92177
08235,つくばみらい市,E9
08236,小美玉市,E92177
08302,東茨城郡茨城町,E92177
08309,東茨城郡大洗町,E921776
08310,東茨城郡城里町,E92177
08341,那珂郡東海村,E921779
08364,久慈郡大子町,E924112
08442,稲敷郡美浦村,E921772
08443,稲敷郡阿見町,E92177
08447,稲敷郡河内町,E92174
08521,結城郡八千代町,E91399
08542,猿島郡五霞町,E91399
08546,猿島郡境町,E913993
08564,北相馬郡利根町,E921747
09201,宇都宮市,E9
09202,足利市,E91399
09203,栃木市,E91399
09204,佐野市,E91399
09205,鹿沼市,E91399
09206,日光市,E91
09208,小山市,E91399
09209,真岡市,E9
09210,大田原市,E9
09211,矢板市,E916333
09213,那須塩原市,E9
09214,さくら市,E9
09215,那須烏山市,E92
09216,下野市,E91399
09301,河内郡上三川町,E91399
09342,芳賀郡益子町,E92177
09343,芳賀郡茂木町,E921777
09344,芳賀郡市貝町,E921777
09345,芳賀郡芳賀町,E921777
09361,下都賀郡壬生町,E91399
09364,下都賀郡野木町,E91399
09384,塩谷郡塩谷町,E916333
09386,塩谷郡高根沢町,E9
09407,那須郡那須町,E9
09411,那須郡那珂川町,E92411
10201,前橋市,E91398
10202,高崎市,E91398
10203,桐生市,E9139
10204,伊勢崎市,E9139
10205,太田市,E913994
10206,沼田市,E91
10207,館林市,E91399
10208,渋川市,E91398
10209,藤岡市,E91398
10210,富岡市,E91398
10211,安中市,E91398
10212,みどり市,E9139
10344,北群馬郡榛東村,E9139883
10345,北群馬郡吉岡町,E91398
10366,多野郡上野村,E91398
10367,多野郡神流町,E913982
10382,甘楽郡下仁田町,E91398
10383,甘楽郡南牧村,E91398
10384,甘楽郡甘楽町,E913985
10421,吾妻郡中之条町,E91
10424,吾妻郡長野原町,E913987
10425,吾妻郡嬬恋村,E9139
10426,吾妻郡草津町,E9139877
10428,吾妻郡高山村,E913988
10429,吾妻郡東吾妻町,E91398
10443,利根郡片品村,E9163
10444,利根郡川場村,E916323
10448,利根郡昭和村,E913989
10449,利根郡みなかみ町,E91
10464,佐波郡玉村町,E9139865
10521,邑楽郡板倉町,E913995
10522,邑楽郡明和町,E91399
10523,邑楽郡千代田町,E913994
10524,邑楽郡大泉町,E913994
10525,邑楽郡邑楽町,E913994
11101,さいたま市西区,E9139
11102,さいたま市北区,E9139
11103,さいたま市大宮区,E9139688
11104,さいたま市見沼区,E9139
11105,さいたま市中央区,E9139688
11106,さいたま市桜区,E913968
11107,さいたま市浦和区,E9139688
11108,さいたま市南区,E913968
11109,さいたま市緑区,E913968
11110,さいたま市岩槻区,E9139
11201,川越市,E9139
11202,熊谷市,E91399
11203,川口市,E91396
11206,行田市,E91399
11207,秩父市,E9139
11208,所沢市,E91396
11209,飯能市,E9139
11210,加須市,E91399
11211,本庄市,E91398
11212,東松山市,E913991
11214,春日部市,E91399
11215,狭山市,E913967
11216,羽生市,E91399
11217,鴻巣市,E91399
11218,深谷市,E9139
11219,上尾市,E913992
11221,草加市,E913969
11222,越谷市,E9139
11223,蕨市,E913968
11224,戸田市,E913968
11225,入間市,E913967
11227,朝霞市,E913968
11228,志木市,E913968
11229,和光市,E9139685
11230,新座市,E913968
11231,桶川市,E913992
11232,久喜市,E913992
11233,北本市,E91399
11234,八潮市,E913969
11235,富士見市,E913968
11237,三郷市,E913969
11238,蓮田市,E913992
11239,坂戸市,E913991
11240,幸手市,E91399
11241,鶴ヶ島市,E9139
11242,日高市,E913967
11243,吉川市,E9139
11245,ふじみ野市,E91396
11246,白岡市,E913992
11301,北足立郡伊奈町,E913992
11324,入間郡三芳町,E91396
11326,入間郡毛呂山町,E9139
11327,入間郡越生町,E9139
11341,比企郡滑川町,E913991
11342,比企郡嵐山町,E913991
11343,比企郡小川町,E9139
11346,比企郡川島町,E91399
11347,比企郡吉見町,E9139916
11348,比企郡鳩山町,E913991
11349,比企郡ときがわ町,E9139
11361,秩父郡横瀬町,E9139832
11362,秩父郡皆野町,E913983
11363,秩父郡長瀞町,E913983
11365,秩父郡小鹿野町,E91398
11369,秩父郡東秩父村,E913983
11381,児玉郡美里町,E91398
11383,児玉郡神川町,E91398
11385,児玉郡上里町,E913986
11408,大里郡寄居町,E9139
11442,南埼玉郡宮代町,E913992
11464,北葛飾郡杉戸町,E91399
11465,北葛飾郡松伏町,E9139
12101,千葉市中央区,E921744
12102,千葉市花見川区,E92174
12103,千葉市稲毛区,E921744
12104,千葉市若葉区,E92174
12105,千葉市緑区,E92174
12106,千葉市美浜区,E921744
12202,銚子市,E9217
12203,市川市,E91396
12204,船橋市,E9
12205,館山市,E91393
12206,木更津市,E9
12207,松戸市,E913969
12208,野田市,E9139
12210,茂原市,E92174
12211,成田市,E921748
12212,佐倉市,E92174
12213,東金市,E921745
12215,旭市,E9217
12216,習志野市,E92174
12217,柏市,E9
12218,勝浦市,E9217
12219,市原市,E92174
12220,流山市,E913969
12221,八千代市,E921747
12222,我孫子市,E9
12223,鴨川市,E9
12224,鎌ヶ谷市,E9
12225,君津市,E9
12226,富津市,E9139
12227,浦安市,E913966
12228,四街道市,E92174
12229,袖ヶ浦市,E9
12230,八街市,E92174
12231,印西市,E92174
12232,白井市,E921747
12233,富里市,E921748
12234,南房総市,E9
12235,匝瑳市,E92174
12236,香取市,E9217
12237,山武市,E92174
12238,いすみ市,E921742
12239,大網白里市,E921745
12322,印旛郡酒々井町,E9217481
12329,印旛郡栄町,E92174
12342,香取郡神崎町,E921748
12347,香取郡多古町,E92174
12349,香取郡東庄町,E921749
12403,山武郡九十九里町,E921745
12409,山武郡芝山町,E921748
12410,山武郡横芝光町,E92174
12421,長生郡一宮町,E921742
12422,長生郡睦沢町,E921742
12423,長生郡長生村,E921742
12424,長生郡白子町,E92174
12426,長生郡長柄町,E92174
12427,長生郡長南町,E92174
12441,夷隅郡大多喜町,E92174
12443,夷隅郡御宿町,E9217
12463,安房郡鋸南町,E913939
13101,千代田区,E91396
13102,中央区,E91396
13103,港区,E91396
13104,新宿区,E91396
13105,文京区,E91396
13106,台東区,E9139691
13107,墨田区,E913969
13108,江東区,E91396
13109,品川区,E91396
13110,目黒区,E913965
13111,大田区,E91396
13112,世田谷区,E91396
13113,渋谷区,E91396
13114,中野区,E913968
13115,杉並区,E91396
13116,豊島区,E9139683
13117,北区,E91396
13118,荒川区,E9139691
13119,板橋区,E913968
13120,練馬区,E913968
13121,足立区,E91396
13122,葛飾区,E913969
13123,江戸川区,E91396
13201,八王子市,E9139
13202,立川市,E913967
13203,武蔵野市,E913968
13204,三鷹市,E91396
13205,青梅市,E9139
13206,府中市,E91396
13207,昭島市,E913967
13208,調布市,E91396
13209,町田市,E913964
13210,小金井市,E91396
13211,小平市,E91396
13212,日野市,E91396
13213,東村山市,E913967
13214,国分寺市,E9139673
13215,国立市,E91396
13218,福生市,E913967
13219,狛江市,E913965
13220,東大和市,E913967
13221,清瀬市,E91396
13222,東久留米市,E91396
13223,武蔵村山市,E913967
13224,多摩市,E913964
13225,稲城市,E91396
13227,羽村市,E913967
13228,あきる野市,E9139
13229,西東京市,E9139681
13303,西多摩郡瑞穂町,E913967
13305,西多摩郡日の出町,E9139
13307,西多摩郡檜原村,E913959
13308,西多摩郡奥多摩町,E91395
13361,大島町,E913934
13363,新島村,E9136
13364,神津島村,E91368
13381,三宅村,E91369
13382,御蔵島村,E913692841354691
13401,八丈町,E91366
13402,青ヶ島村,E91363377
13421,小笠原村,E6
14101,横浜市鶴見区,E913965
14102,横浜市神奈川区,E913965
14103,横浜市西区,E9139652
14104,横浜市中区,E91396
14105,横浜市南区,E91396
14106,横浜市保土ケ谷区,E913965
14107,横浜市磯子区,E9139628
14108,横浜市金沢区,E913962
14109,横浜市港北区,E913965
14110,横浜市戸塚区,E91396
14111,横浜市港南区,E913962
14112,横浜市旭区,E91396
14113,横浜市緑区,E91396
14114,横浜市瀬谷区,E91396
14115,横浜市栄区,E913962
14116,横浜市泉区,E91396
14117,横浜市青葉区,E91396
14118,横浜市都筑区,E913965
14131,川崎市川崎区,E91396
14132,川崎市幸区,E913965
14133,川崎市中原区,E913965
14134,川崎市高津区,E913965
14135,川崎市多摩区,E913965
14136,川崎市宮前区,E913965
14137,川崎市麻生区,E91396
14151,相模原市緑区,E9139
14152,相模原市中央区,E913964
14153,相模原市南区,E913964
14201,横須賀市,E913962
14203,平塚市,E9139
14204,鎌倉市,E91396
14205,藤沢市,E91396
14206,小田原市,E913953
14207,茅ヶ崎市,E913961
14208,逗子市,E913962
14210,三浦市,E9139
14211,秦野市,E9139
14212,厚木市,E91396
14213,大和市,E91396
14214,伊勢原市,E9139
14215,海老名市,E91396
14216,座間市,E913964
14217,南足柄市,E913953
14218,綾瀬市,E91396
14301,三浦郡葉山町,E913962
14321,高座郡寒川町,E9139618
14341,中郡大磯町,E9139
14342,中郡二宮町,E9139
14361,足柄上郡中井町,E913953
14362,足柄上郡大井町,E913953
14363,足柄上郡松田町,E9139538
14364,足柄上郡山北町,E91395
14366,足柄上郡開成町,E9139535
14382,足柄下郡箱根町,E91395
14383,足柄下郡真鶴町,E9139298
14384,足柄下郡湯河原町,E913929
14401,愛甲郡愛川町,E913964
14402,愛甲郡清川村,E9139
15101,新潟市北区,E91635
15102,新潟市東区,E91635
15103,新潟市中央区,E91635
15104,新潟市江南区,E91635
15105,新潟市秋葉区,E916356
15106,新潟市南区,E91635
15107,新潟市西区,E91635
15108,新潟市西蒲区,E916355
15202,長岡市,E9163
15204,三条市,E91635
15205,柏崎市,E9163
15206,新発田市,E9163
15208,小千谷市,E91632
15209,加茂市,E91635
15210,十日町市,E91632
15211,見附市,E916352
15212,村上市,E9163
15213,燕市,E91635
15216,糸魚川市,E916
15217,妙高市,E91631
15218,五泉市,E9163
15222,上越市,E9163
15223,阿賀野市,E9163
15224,佐渡市,E9163
15225,魚沼市,E91632
15226,南魚沼市,E91632
15227,胎内市,E91636
15307,北蒲原郡聖籠町,E9163
15342,西蒲原郡弥彦村,E916355
15361,南蒲原郡田上町,E916356
15385,東蒲原郡阿賀町,E91636
15405,三島郡出雲崎町,E916351
15461,南魚沼郡湯沢町,E91632
15482,中魚沼郡津南町,E91632
15504,刈羽郡刈羽村,E9163
15581,岩船郡関川村,E916368
15586,岩船郡粟島浦村,E9163863
16201,富山市,E91
16202,高岡市,E91
16204,魚津市,E91623
16205,氷見市,E9162
16206,滑川市,E916232
16207,黒部市,E91623
16208,砺波市,E91
16209,小矢部市,E91
16210,南砺市,E9138
16211,射水市,E91
16321,中新川郡舟橋村,E9162321
16322,中新川郡上市町,E91
16323,中新川郡立山町,E91
16342,下新川郡入善町,E91623
16343,下新川郡朝日町,E91623
17201,金沢市,E91388
17202,七尾市,E9162
17203,小松市,E91388
17204,輪島市,E9162
17205,珠洲市,E9162
17206,加賀市,E9138
17207,羽咋市,E91622
17209,かほく市,E91622
17210,白山市,E91388
17211,能美市,E91388
17212,野々市市,E913888
17324,能美郡川北町,E91388
17361,河北郡津幡町,E91
17365,河北郡内灘町,E91
17384,羽咋郡志賀町,E91622
17386,羽咋郡宝達志水町,E91622
17407,鹿島郡中能登町,E916226
17461,鳳珠郡穴水町,E9162
17463,鳳珠郡能登町,E9162
18201,福井市,E9138
18202,敦賀市,E91384
18204,小浜市,E91384
18205,大野市,E9138
18206,勝山市,E91388
18207,鯖江市,E9138
18208,あわら市,E9138
18209,越前市,E9138
18210,坂井市,E9138
18322,吉田郡永平寺町,E9138
18382,今立郡池田町,E9138
18404,南条郡南越前町,E9138
18423,丹生郡越前町,E9138
18442,三方郡美浜町,E91384
18481,大飯郡高浜町,E913
18483,大飯郡おおい町,E913
18501,三方上中郡若狭町,E913845
19201,甲府市,E91395
19202,富士吉田市,E91395
19204,都留市,E913955
19205,山梨市,E91395
19206,大月市,E91395
19207,韮崎市,E91394
19208,南アルプス市,E91394
19209,北杜市,E9139
19210,甲斐市,E9139
19211,笛吹市,E91395
19212,上野原市,E91395
19213,甲州市,E91395
19214,中央市,E9139
19346,西八代郡市川三郷町,E9139
19364,南巨摩郡早川町,E91394
19365,南巨摩郡身延町,E9139
19366,南巨摩郡南部町,E9139
19368,南巨摩郡富士川町,E913946
19384,中巨摩郡昭和町,E9139
19422,南都留郡道志村,E91395
19423,南都留郡西桂町,E913955
19424,南都留郡忍野村,E913955
19425,南都留郡山中湖村,E913952
19429,南都留郡鳴沢村,E913954
19430,南都留郡富士河口湖町,E91395
19442,北都留郡小菅村,E913958
19443,北都留郡丹波山村,E913958
20201,長野市,E91
20202,松本市,E913
20203,上田市,E91397
20204,岡谷市,E91397
20205,飯田市,E913
20206,諏訪市,E913972
20207,須坂市,E91
20208,小諸市,E913976
20209,伊那市,E9139
20210,駒ヶ根市,E913947
20211,中野市,E916313
20212,大町市,E913
20213,飯山市,E91631
20214,茅野市,E91397
20215,塩尻市,E913971
20217,佐久市,E9139
20218,千曲市,E913978
20219,東御市,E913976
20220,安曇野市,E913974
20303,南佐久郡小海町,E913973
20304,南佐久郡川上村,E9139
20305,南佐久郡南牧村,E9139
20306,南佐久郡南相木村,E9139
20307,南佐久郡北相木村,E9139
20309,南佐久郡佐久穂町,E9139
20321,北佐久郡軽井沢町,E913984
20323,北佐久郡御代田町,E9139
20324,北佐久郡立科町,E91397
20349,小県郡青木村,E913975
20350,小県郡長和町,E913975
20361,諏訪郡下諏訪町,E913972
20362,諏訪郡富士見町,E9139
20363,諏訪郡原村,E91397
20382,上伊那郡辰野町,E91397
20383,上伊那郡箕輪町,E9139
20384,上伊那郡飯島町,E91394
20386,上伊那郡中川村,E913944
20388,上伊那郡宮田村,E913947
20402,下伊那郡松川町,E913944
20403,下伊那郡高森町,E913944
20404,下伊那郡阿南町,E913
20407,下伊那郡阿智村,E91386
20409,下伊那郡平谷村,E9138635
20410,下伊那郡根羽村,E913863
20411,下伊那郡下條村,E913
20412,下伊那郡売木村,E913863
20413,下伊那郡天龍村,E913941
20414,下伊那郡泰阜村,E913941
20415,下伊那郡喬木村,E913944
20416,下伊那郡豊丘村,E9139446
20417,下伊那郡大鹿村,E913945
20422,木曽郡上松町,E913869
20423,木曽郡南木曽町,E913866
20425,木曽郡木祖村,E913
20429,木曽郡王滝村,E91386
20430,木曽郡大桑村,E913869
20432,木曽郡木曽町,E9138
20446,東筑摩郡麻績村,E91397
20448,東筑摩郡生坂村,E91397
20450,東筑摩郡山形村,E91397
20451,東筑摩郡朝日村,E913971
20452,東筑摩郡筑北村,E91397
20481,北安曇郡池田町,E91397
20482,北安曇郡松川村,E913974877126315
20485,北安曇郡白馬村,E91
20486,北安曇郡小谷村,E916311
20521,埴科郡坂城町,E913978
20541,上高井郡小布施町,E9163131
20543,上高井郡高山村,E91
20561,下高井郡山ノ内町,E9163
20562,下高井郡木島平村,E916313
20563,下高井郡野沢温泉村,E91631
20583,上水内郡信濃町,E916312
20588,上水内郡小川村,E913977
20590,上水内郡飯綱町,E91631
20602,下水内郡栄村,E91632
21201,岐阜市,E91385
21202,大垣市,E91385
21203,高山市,E9138
21204,多治見市,E913861
21205,関市,E9138
21206,中津川市,E91386
21207,美濃市,E913856
21208,瑞浪市,E91386
21209,羽島市,E913852
21210,恵那市,E91386
21211,美濃加茂市,E9138
21212,土岐市,E913861
21213,各務原市,E91385
21214,可児市,E9138
21215,山県市,E91385
21216,瑞穂市,E9138528
21217,飛騨市,E9138
21218,本巣市,E91385
21219,郡上市,E9138
21220,下呂市,E9138
21221,海津市,E9138
21302,羽島郡岐南町,E91385
21303,羽島郡笠松町,E91385
21341,養老郡養老町,E91385
21361,不破郡垂井町,E91385
21362,不破郡関ケ原町,E913851
21381,安八郡神戸町,E91385
21382,安八郡輪之内町,E913852
21383,安八郡安八町,E913852
21401,揖斐郡揖斐川町,E91385
21403,揖斐郡大野町,E91385
21404,揖斐郡池田町,E91385
21421,本巣郡北方町,E91385
21501,加茂郡坂祝町,E91385
21502,加茂郡富加町,E9138563
21503,加茂郡川辺町,E913864
21504,加茂郡七宗町,E913864
21505,加茂郡八百津町,E913864
21506,加茂郡白川町,E91386
21507,加茂郡東白川村,E913865
21521,可児郡御嵩町,E91386
21604,大野郡白川村,E91388
22101,静岡市葵区,E9139
22102,静岡市駿河区,E91391
22103,静岡市清水区,E9139
22131,浜松市中区,E91383
22132,浜松市東区,E913
22133,浜松市西区,E91383
22134,浜松市南区,E913
22135,浜松市北区,E91383
22136,浜松市浜北区,E913
22137,浜松市天竜区,E913
22203,沼津市,E9139
22205,熱海市,E913929
22206,三島市,E913928
22207,富士宮市,E913951
22208,伊東市,E91392
22209,島田市,E91391
22210,富士市,E9139
22211,磐田市,E91391
22212,焼津市,E91391
22213,掛川市,E91391
22214,藤枝市,E91391
22215,御殿場市,E913952
22216,袋井市,E91391
22219,下田市,E91392
22220,裾野市,E9139
22221,湖西市,E91383
22222,伊豆市,E91392
22223,御前崎市,E913912
22224,菊川市,E91391
22225,伊豆の国市,E91392
22226,牧之原市,E91391
22301,賀茂郡東伊豆町,E91392
22302,賀茂郡河津町,E913925
22304,賀茂郡南伊豆町,E91392
22305,賀茂郡松崎町,E91392
22306,賀茂郡西伊豆町,E913925
22325,田方郡函南町,E91392
22341,駿東郡清水町,E913928
22342,駿東郡長泉町,E9139
22344,駿東郡小山町,E913952
22424,榛原郡吉田町,E91391
22429,榛原郡川根本町,E9139
22461,周智郡森町,E91391
23101,名古屋市千種区,E9138
23102,名古屋市東区,E9138
23103,名古屋市北区,E9138532
23104,名古屋市西区,E9138
23105,名古屋市中村区,E9138
23106,名古屋市中区,E9138298
23107,名古屋市昭和区,E913829
23108,名古屋市瑞穂区,E913829
23109,名古屋市熱田区,E9138298
23110,名古屋市中川区,E913829
23111,名古屋市港区,E913829
23112,名古屋市南区,E913829
23113,名古屋市守山区,E9138
23114,名古屋市緑区,E913829
23115,名古屋市名東区,E9138
23116,名古屋市天白区,E913829
23201,豊橋市,E91383
23202,岡崎市,E91383
23203,一宮市,E91385
23204,瀬戸市,E9138
23205,半田市,E91382
23206,春日井市,E9138
23207,豊川市,E91383
23208,津島市,E9138
23209,碧南市,E9138
23210,刈谷市,E9138
23211,豊田市,E9138
23212,安城市,E9138
23213,西尾市,E9138
23214,蒲郡市,E91383
23215,犬山市,E913853
23216,常滑市,E91382
23217,江南市,E913853
23219,小牧市,E913853
23220,稲沢市,E91385
23221,新城市,E91383
23222,東海市,E913829
23223,大府市,E913829
23224,知多市,E91382
23225,知立市,E9138
23226,尾張旭市,E9138
23227,高浜市,E91382
23228,岩倉市,E913853
23229,豊明市,E9138296
23230,日進市,E9138
23231,田原市,E91383
23232,愛西市,E9138
23233,清須市,E913853
23234,北名古屋市,E913853
23235,弥富市,E91382
23236,みよし市,E913837
23237,あま市,E9138
23238,長久手市,E9138
23302,愛知郡東郷町,E9138
23342,西春日井郡豊山町,E91385328
23361,丹羽郡大口町,E913853
23362,丹羽郡扶桑町,E913853
23424,海部郡大治町,E9138297
23425,海部郡蟹江町,E91382
23427,海部郡飛島村,E91382
23441,知多郡阿久比町,E91382
23442,知多郡東浦町,E913829
23445,知多郡南知多町,E91382
23446,知多郡美浜町,E913826
23447,知多郡武豊町,E913826
23501,額田郡幸田町,E913834
23561,北設楽郡設楽町,E91383
23562,北設楽郡東栄町,E913839
23563,北設楽郡豊根村,E913
24201,津市,E9138
24202,四日市市,E91382
24203,伊勢市,E913
24204,松阪市,E913
24205,桑名市,E913828
24207,鈴鹿市,E91382
24208,名張市,E91381
24209,尾鷲市,E913576
24210,亀山市,E9138
24211,鳥羽市,E913
24212,熊野市,E91357
24214,いなべ市,E9138
24215,志摩市,E91358
24216,伊賀市,E9138
24303,桑名郡木曽岬町,E9138286
24324,員弁郡東員町,E913828
24341,三重郡菰野町,E91382
24343,三重郡朝日町,E9138285
24344,三重郡川越町,E913828
24441,多気郡多気町,E913
24442,多気郡明和町,E913822
24443,多気郡大台町,E913
24461,度会郡玉城町,E913822
24470,度会郡度会町,E913
24471,度会郡大紀町,E913587
24472,度会郡南伊勢町,E91358
24543,北牟婁郡紀北町,E9135
24561,南牟婁郡御浜町,E91357
24562,南牟婁郡紀宝町,E913572
25201,大津市,E9138
25202,彦根市,E9138
25203,長浜市,E9138
25204,近江八幡市,E91381
25206,草津市,E913818
25207,守山市,E913818
25208,栗東市,E91381
25209,甲賀市,E9138
25210,野洲市,E91381
25211,湖南市,E91381
25212,高島市,E91384
25213,東近江市,E9138
25214,米原市,E9138
25383,蒲生郡日野町,E9138
25384,蒲生郡竜王町,E913819
25425,愛知郡愛荘町,E9138
25441,犬上郡豊郷町,E9138
25442,犬上郡甲良町,E9138433
25443,犬上郡多賀町,E9138
26101,京都市北区,E913817
26102,京都市上京区,E913817
26103,京都市左京区,E9138
26104,京都市中京区,E913817
26105,京都市東山区,E9138173
26106,京都市下京区,E9138173
26107,京都市南区,E913817
26108,京都市右京区,E9138
26109,京都市伏見区,E91381
26110,京都市山科区,E91381
26111,京都市西京区,E91381
26201,福知山市,E9137
26202,舞鶴市,E91376
26203,綾部市,E91376
26204,宇治市,E91381
26205,宮津市,E91376
26206,亀岡市,E913
26207,城陽市,E91381
26208,向日市,E91381
26209,長岡京市,E91381
26210,八幡市,E913814
26211,京田辺市,E913814
26212,京丹後市,E91376
26213,南丹市,E913
26214,木津川市,E91381
26303,乙訓郡大山崎町,E9138148
26322,久世郡久御山町,E913814
26343,綴喜郡井手町,E9138154
26344,綴喜郡宇治田原町,E913815
26364,相楽郡笠置町,E913815
26365,相楽郡和束町,E913815
26366,相楽郡精華町,E913814
26367,相楽郡南山城村,E913815
26407,船井郡京丹波町,E9137
26463,与謝郡伊根町,E91376
26465,与謝郡与謝野町,E91376
27102,大阪市都島区,E9137363
27103,大阪市福島区,E91373
27104,大阪市此花区,E91373
27106,大阪市西区,E913733
27107,大阪市港区,E9137338
27108,大阪市大正区,E913733
27109,大阪市天王寺区,E9137339
27111,大阪市浪速区,E9137339
27113,大阪市西淀川区,E91373
27114,大阪市東淀川区,E9137363
27115,大阪市東成区,E913
27116,大阪市生野区,E913
27117,大阪市旭区,E913
27118,大阪市城東区,E913
27119,大阪市阿倍野区,E9137339
27120,大阪市住吉区,E913733
27121,大阪市東住吉区,E913733
27122,大阪市西成区,E9137339
27123,大阪市淀川区,E913736
27124,大阪市鶴見区,E91381
27125,大阪市住之江区,E913733
27126,大阪市平野区,E913
27127,大阪市北区,E91373
27128,大阪市中央区,E91373
27141,堺市堺区,E913733
27142,堺市中区,E913733
27143,堺市東区,E913733
27144,堺市西区,E913733
27145,堺市南区,E913
27146,堺市北区,E9137336
27147,堺市美原区,E913
27202,岸和田市,E913
27203,豊中市,E913736
27204,池田市,E913736
27205,吹田市,E913736
27206,泉大津市,E913733
27207,高槻市,E91381
27208,貝塚市,E913
27209,守口市,E913
27210,枚方市,E913814
27211,茨木市,E913
27212,八尾市,E913811
27213,泉佐野市,E913
27214,富田林市,E913811
27215,寝屋川市,E913814
27216,河内長野市,E913
27217,松原市,E913
27218,大東市,E913814
27219,和泉市,E913
27220,箕面市,E913736
27221,柏原市,E913811
27222,羽曳野市,E913811
27223,門真市,E9138141
27224,摂津市,E913
27225,高石市,E913733
27226,藤井寺市,E9138114
27227,東大阪市,E91381
27228,泉南市,E91349
27229,四條畷市,E913814
27230,交野市,E913814
27231,大阪狭山市,E913
27232,阪南市,E913498
27301,三島郡島本町,E9138148
27321,豊能郡豊能町,E913736
27322,豊能郡能勢町,E91373
27341,泉北郡忠岡町,E913733
27361,泉南郡熊取町,E9134997
27362,泉南郡田尻町,E9134989
27366,泉南郡岬町,E913498
27381,南河内郡太子町,E913811
27382,南河内郡河南町,E913811
27383,南河内郡千早赤阪村,E913
28101,神戸市東灘区,E91373
28102,神戸市灘区,E913735
28105,神戸市兵庫区,E91373
28106,神戸市長田区,E91373
28107,神戸市須磨区,E91373
28108,神戸市垂水区,E91373
28109,神戸市北区,E91373
28110,神戸市中央区,E91373
28111,神戸市西区,E91373
28201,姫路市,E91372
28202,尼崎市,E91373
28203,明石市,E91373
28204,西宮市,E91373
28205,洲本市,E9134
28206,芦屋市,E91373
28207,伊丹市,E913736
28208,相生市,E913725
28209,豊岡市,E9137
28210,加古川市,E9137
28212,赤穂市,E913725
28213,西脇市,E91373
28214,宝塚市,E91373
28215,三木市,E91373
28216,高砂市,E9137
28217,川西市,E913736
28218,小野市,E913734
28219,三田市,E91373
28220,加西市,E9137
28221,丹波篠山市,E91373
28222,養父市,E9137
28223,丹波市,E9137
28224,南あわじ市,E9134
28225,朝来市,E9137
28226,淡路市,E913
28227,宍粟市,E9137
28228,加東市,E91373
28229,たつの市,E91372
28301,川辺郡猪名川町,E91373
28365,多可郡多可町,E9137
28381,加古郡稲美町,E913734
28382,加古郡播磨町,E9137341
28442,神崎郡市川町,E9137
28443,神崎郡福崎町,E91372
28446,神崎郡神河町,E9137
28464,揖保郡太子町,E91372
28481,赤穂郡上郡町,E91372
28501,佐用郡佐用町,E91372
28585,美方郡香美町,E91375
28586,美方郡新温泉町,E913755
29201,奈良市,E91381
29202,大和高田市,E913811
29203,大和郡山市,E91381
29204,天理市,E91381
29205,橿原市,E91381
29206,桜井市,E913812
29207,五條市,E91357
29208,御所市,E913
29209,生駒市,E91381
29210,香芝市,E913811
29211,葛城市,E913811
29212,宇陀市,E913
29322,山辺郡山添村,E91381
29342,生駒郡平群町,E9138118
29343,生駒郡三郷町,E913811
29344,生駒郡斑鳩町,E913811
29345,生駒郡安堵町,E913811
29361,磯城郡川西町,E9138116
29362,磯城郡三宅町,E9138116
29363,磯城郡田原本町,E91381
29385,宇陀郡曽爾村,E913813
29386,宇陀郡御杖村,E913813
29401,高市郡高取町,E913
29402,高市郡明日香村,E913
29424,北葛城郡上牧町,E913811
29425,北葛城郡王寺町,E9138115
29426,北葛城郡広陵町,E9138116
29427,北葛城郡河合町,E913811
29441,吉野郡吉野町,E913
29442,吉野郡大淀町,E91357
29443,吉野郡下市町,E91357
29444,吉野郡黒滝村,E913578
29446,吉野郡天川村,E91357
29447,吉野郡野迫川村,E91357
29449,吉野郡十津川村,E91357
29450,吉野郡下北山村,E913575
29451,吉野郡上北山村,E91357
29452,吉野郡川上村,E91357
29453,吉野郡東吉野村,E913
30201,和歌山市,E91349
30202,海南市,E91349
30203,橋本市,E913
30204,有田市,E913495
30205,御坊市,E913492
30206,田辺市,E913
30207,新宮市,E9135
30208,紀の川市,E91349
30209,岩出市,E91349
30304,海草郡紀美野町,E91349
30341,伊都郡かつらぎ町,E913
30343,伊都郡九度山町,E913
30344,伊都郡高野町,E913
30361,有田郡湯浅町,E913495
30362,有田郡広川町,E913495
30366,有田郡有田川町,E91349
30381,日高郡美浜町,E913492
30382,日高郡日高町,E91349
30383,日高郡由良町,E913495
30390,日高郡印南町,E91349
30391,日高郡みなべ町,E91349
30392,日高郡日高川町,E91349
30401,西牟婁郡白浜町,E913
30404,西牟婁郡上富田町,E9134
30406,西牟婁郡すさみ町,E913
30421,東牟婁郡那智勝浦町,E91354
30422,東牟婁郡太地町,E9135485
30424,東牟婁郡古座川町,E91354
30427,東牟婁郡北山村,E91357
30428,東牟婁郡串本町,E91354
31201,鳥取市,E9137
31202,米子市,E91
31203,倉吉市,E91374
31204,境港市,E912966
31302,岩美郡岩美町,E91375
31325,八頭郡若桜町,E913752
31328,八頭郡智頭町,E91375
31329,八頭郡八頭町,E91375
31364,東伯郡三朝町,E91374
31370,東伯郡湯梨浜町,E913746
31371,東伯郡琴浦町,E91374
31372,東伯郡北栄町,E91374
31384,西伯郡日吉津村,E91374412
31386,西伯郡大山町,E91374
31389,西伯郡南部町,E91
31390,西伯郡伯耆町,E913741
31401,日野郡日南町,E91
31402,日野郡日野町,E91
31403,日野郡江府町,E913741
32201,松江市,E91296
32202,浜田市,E91292
32203,出雲市,E9129
32204,益田市,E9129
32205,大田市,E9129
32206,安来市,E91296
32207,江津市,E91292
32209,雲南市,E9129
32343,仁多郡奥出雲町,E9129
32386,飯石郡飯南町,E912937
32441,邑智郡川本町,E912929
32448,邑智郡美郷町,E9129
32449,邑智郡邑南町,E9129
32501,鹿足郡津和野町,E9129
32505,鹿足郡吉賀町,E912
32525,隠岐郡海士町,E91299
32526,隠岐郡西ノ島町,E912992
32527,隠岐郡知夫村,E912992
32528,隠岐郡隠岐の島町,E91
33101,岡山市北区,E91371
33102,岡山市中区,E91371
33103,岡山市東区,E9137
33104,岡山市南区,E91371
33202,倉敷市,E913
33203,津山市,E9137
33204,玉野市,E913713
33205,笠岡市,E913
33207,井原市,E91371
33208,総社市,E91371
33209,高梁市,E91371
33210,新見市,E91
33211,備前市,E91372
33212,瀬戸内市,E9137
33213,赤磐市,E9137
33214,真庭市,E9137
33215,美作市,E91372
33216,浅口市,E91371
33346,和気郡和気町,E9137
33423,都窪郡早島町,E91371
33445,浅口郡里庄町,E9137113
33461,小田郡矢掛町,E91371
33586,真庭郡新庄村,E9137
33606,苫田郡鏡野町,E9137
33622,勝田郡勝央町,E913727
33623,勝田郡奈義町,E913727
33643,英田郡西粟倉村,E9137
33663,久米郡久米南町,E91371
33666,久米郡美咲町,E9137
33681,加賀郡吉備中央町,E91371
34101,広島市中区,E912689
34102,広島市東区,E912
34103,広島市南区,E912689
34104,広島市西区,E912689
34105,広島市安佐南区,E912
34106,広島市安佐北区,E9129
34107,広島市安芸区,E9126
34108,広島市佐伯区,E912
34202,呉市,E9126
34203,竹原市,E91269
34204,三原市,E912
34205,尾道市,E912
34207,福山市,E91
34208,府中市,E91293
34209,三次市,E91293
34210,庄原市,E91293
34211,大竹市,E91268
34212,東広島市,E912
34213,廿日市市,E912
34214,安芸高田市,E9129
34215,江田島市,E91268
34302,安芸郡府中町,E912689
34304,安芸郡海田町,E912689
34307,安芸郡熊野町,E9126
34309,安芸郡坂町,E912689
34368,山県郡安芸太田町,E91292
34369,山県郡北広島町,E91292
34431,豊田郡大崎上島町,E9126981
34462,世羅郡世羅町,E91293
34545,神石郡神石高原町,E91
35201,下関市,E912
35202,宇部市,E91267
35203,山口市,E912
35204,萩市,E912
35206,防府市,E91267
35207,下松市,E9126
35208,岩国市,E91268
35210,光市,E91268
35211,長門市,E912
35212,柳井市,E91268
35213,美祢市,E912
35215,周南市,E9126
35216,山陽小野田市,E912
35305,大島郡周防大島町,E91268
35321,玖珂郡和木町,E91268
35341,熊毛郡上関町,E91268
35343,熊毛郡田布施町,E91268
35344,熊毛郡平生町,E91268
35502,阿武郡阿武町,E91291
36201,徳島市,E91348
36202,鳴門市,E91348
36203,小松島市,E91348
36204,阿南市,E91348
36205,吉野川市,E91348
36206,阿波市,E91348
36207,美馬市,E9134
36208,三好市,E91347
36301,勝浦郡勝浦町,E913482
36302,勝浦郡上勝町,E913482
36321,名東郡佐那河内村,E9134852
36341,名西郡石井町,E9134855
36342,名西郡神山町,E91348
36368,那賀郡那賀町,E91348
36383,海部郡牟岐町,E9134
36387,海部郡美波町,E91348
36388,海部郡海陽町,E91345
36401,板野郡松茂町,E91348
36402,板野郡北島町,E913485
36403,板野郡藍住町,E913485
36404,板野郡板野町,E9134858
36405,板野郡上板町,E913485
36468,美馬郡つるぎ町,E9134
36489,三好郡東みよし町,E913476
37201,高松市,E9134
37202,丸亀市,E91347
37203,坂出市,E91347
37204,善通寺市,E913478
37205,観音寺市,E91347
37206,さぬき市,E91348
37207,東かがわ市,E91348
37208,三豊市,E91347
37322,小豆郡土庄町,E9137
37324,小豆郡小豆島町,E913
37341,木田郡三木町,E91348
37364,香川郡直島町,E913
37386,綾歌郡宇多津町,E91347
37387,綾歌郡綾川町,E91347
37403,仲多度郡琴平町,E91347
37404,仲多度郡多度津町,E913478
37406,仲多度郡まんのう町,E91347
38201,松山市,E9126
38202,今治市,E91269
38203,宇和島市,E9126
38204,八幡浜市,E91265
38205,新居浜市,E91
38206,西条市,E91269
38207,大洲市,E9126
38210,伊予市,E9126
38213,四国中央市,E91347
38214,西予市,E9126
38215,東温市,E91269
38356,越智郡上島町,E91269
38386,上浮穴郡久万高原町,E9126
38401,伊予郡松前町,E912691
38402,伊予郡砥部町,E9126
38422,喜多郡内子町,E91266
38442,西宇和郡伊方町,E91265
38484,北宇和郡松野町,E91266
38488,北宇和郡鬼北町,E91266
38506,南宇和郡愛南町,E9126
39201,高知市,E91344
39202,室戸市,E913454
39203,安芸市,E913449
39204,南国市,E91344
39205,土佐市,E91
39206,須崎市,E91
39208,宿毛市,E9126
39209,土佐清水市,E91263
39210,四万十市,E9126
39211,香南市,E91344
39212,香美市,E9134
39301,安芸郡東洋町,E913457
39302,安芸郡奈半利町,E9134
39303,安芸郡田野町,E9134469
39304,安芸郡安田町,E91344
39305,安芸郡北川村,E9134
39306,安芸郡馬路村,E9134
39307,安芸郡芸西村,E91344
39341,長岡郡本山町,E91347
39344,長岡郡大豊町,E9134
39363,土佐郡土佐町,E9134
39364,土佐郡大川村,E913471
39386,吾川郡いの町,E91
39387,吾川郡仁淀川町,E91266
39401,高岡郡中土佐町,E91266
39402,高岡郡佐川町,E91266
39403,高岡郡越知町,E912669
39405,高岡郡檮原町,E91266
39410,高岡郡日高村,E91
39411,高岡郡津野町,E91266
39412,高岡郡四万十町,E91266
39424,幡多郡大月町,E912637
39427,幡多郡三原村,E91263
39428,幡多郡黒潮町,E91266
40101,北九州市門司区,E91259
40103,北九州市若松区,E912592
40105,北九州市戸畑区,E9125929
40106,北九州市小倉北区,E91259
40107,北九州市小倉南区,E91259
40108,北九州市八幡東区,E912592
40109,北九州市八幡西区,E912592
40131,福岡市東区,E9125
40132,福岡市博多区,E912567
40133,福岡市中央区,E9125
40134,福岡市南区,E912567
40135,福岡市西区,E9125
40136,福岡市城南区,E9125
40137,福岡市早良区,E9125
40202,大牟田市,E9125
40203,久留米市,E91256
40204,直方市,E912592
40205,飯塚市,E91256
40206,田川市,E912568
40207,柳川市,E9125
40210,八女市,E91256
40211,筑後市,E91256
40212,大川市,E9125
40213,行橋市,E9125
40214,豊前市,E912
40215,中間市,E912592
40216,小郡市,E912564
40217,筑紫野市,E91256
40218,春日市,E912567
40219,大野城市,E912567
40220,宗像市,E91259
40221,太宰府市,E912567
40223,古賀市,E9125
40224,福津市,E912591
40225,うきは市,E912565
40226,宮若市,E9125
40227,嘉麻市,E912568
40228,朝倉市,E91256
40229,みやま市,E912561
40230,糸島市,E91255
40231,那珂川市,E91256
40341,糟屋郡宇美町,E912567
40342,糟屋郡篠栗町,E912567
40343,糟屋郡志免町,E912567
40344,糟屋郡須恵町,E912567
40345,糟屋郡新宮町,E9125
40348,糟屋郡久山町,E9125678
40349,糟屋郡粕屋町,E912567
40381,遠賀郡芦屋町,E9125927
40382,遠賀郡水巻町,E912592
40383,遠賀郡岡垣町,E91259
40384,遠賀郡遠賀町,E912592
40401,鞍手郡小竹町,E9125
40402,鞍手郡鞍手町,E912592
40421,嘉穂郡桂川町,E9125684
40447,朝倉郡筑前町,E91256
40448,朝倉郡東峰村,E91256
40503,三井郡大刀洗町,E91256
40522,三潴郡大木町,E91256
40544,八女郡広川町,E912564
40601,田川郡香春町,E9125
40602,田川郡添田町,E91256
40604,田川郡糸田町,E912568
40605,田川郡川崎町,E9125686
40608,田川郡大任町,E912568
40609,田川郡赤村,E912569
40610,田川郡福智町,E9125
40621,京都郡苅田町,E912593
40625,京都郡みやこ町,E9125
40642,築上郡吉富町,E9126474
40646,築上郡上毛町,E912
40647,築上郡築上町,E912569
41201,佐賀市,E9125
41202,唐津市,E91255
41203,鳥栖市,E912564
41204,多久市,E91255
41205,伊万里市,E91255
41206,武雄市,E91255
41207,鹿島市,E91255
41208,小城市,E91255
41209,嬉野市,E912552
41210,神埼市,E9125
41327,神埼郡吉野ヶ里町,E912564
41341,三養基郡基山町,E912564
41345,三養基郡上峰町,E9125644
41346,三養基郡みやき町,E912564
41387,東松浦郡玄海町,E91255
41401,西松浦郡有田町,E91255
41423,杵島郡大町町,E91255533
41424,杵島郡江北町,E91255
41425,杵島郡白石町,E91255
41441,藤津郡太良町,E9125
42201,長崎市,E9125
42202,佐世保市,E9125
42203,島原市,E9125
42204,諫早市,E91252
42205,大村市,E9125
42207,平戸市,E91254
42208,松浦市,E91255
42209,対馬市,E912
42210,壱岐市,E912581
42211,五島市,E912
42212,西海市,E9125
42213,雲仙市,E91252
42214,南島原市,E91252
42307,西彼杵郡長与町,E91252
42308,西彼杵郡時津町,E9125276
42321,東彼杵郡東彼杵町,E912552
42322,東彼杵郡川棚町,E91255
42323,東彼杵郡波佐見町,E91255
42383,北松浦郡小値賀町,E91254
42391,北松浦郡佐々町,E9125541
42411,南松浦郡新上五島町,E9125
43101,熊本市中央区,E912538
43102,熊本市東区,E912538
43103,熊本市西区,E91253
43104,熊本市南区,E91253
43105,熊本市北区,E9125
43202,八代市,E91253
43203,人吉市,E912
43204,荒尾市,E9125
43205,水俣市,E912
43206,玉名市,E9125
43208,山鹿市,E9125
43210,菊池市,E9125
43211,宇土市,E91253
43212,上天草市,E9125
43213,宇城市,E91253
43214,阿蘇市,E912
43215,天草市,E912
43216,合志市,E912538
43348,下益城郡美里町,E91253
43364,玉名郡玉東町,E91253
43367,玉名郡南関町,E912561
43368,玉名郡長洲町,E912537
43369,玉名郡和水町,E9125
43403,菊池郡大津町,E91253
43404,菊池郡菊陽町,E912538
43423,阿蘇郡南小国町,E912
43424,阿蘇郡小国町,E912
43425,阿蘇郡産山村,E912641
43428,阿蘇郡高森町,E912617
43432,阿蘇郡西原村,E912539
43433,阿蘇郡南阿蘇村,E912539
43441,上益城郡御船町,E91253
43442,上益城郡嘉島町,E9125382
43443,上益城郡益城町,E91253
43444,上益城郡甲佐町,E912535
43447,上益城郡山都町,E912
43468,八代郡氷川町,E912535
43482,葦北郡芦北町,E912
43484,葦北郡津奈木町,E912531
43501,球磨郡錦町,E912
43505,球磨郡多良木町,E912
43507,球磨郡水上村,E912533
43510,球磨郡相良村,E912
43511,球磨郡五木村,E91253
43512,球磨郡山江村,E912532
43513,球磨郡球磨村,E912
43514,球磨郡あさぎり町,E912
43531,天草郡苓北町,E91252
44201,大分市,E9126
44202,別府市,E912645
44203,中津市,E912
44204,日田市,E91256
44205,佐伯市,E9126
44206,臼杵市,E9126
44207,津久見市,E9126
44208,竹田市,E9126
44209,豊後高田市,E912648
44210,杵築市,E91264
44211,宇佐市,E91264
44212,豊後大野市,E9126
44213,由布市,E91264
44214,国東市,E91264
44322,東国東郡姫島村,E912673
44341,速見郡日出町,E912645
44461,玖珠郡九重町,E91264
44462,玖珠郡玖珠町,E912
45201,宮崎市,E91237
45202,都城市,E912
45203,延岡市,E91261
45204,日南市,E91237
45205,小林市,E912
45206,日向市,E91261
45207,串間市,E9123
45208,西都市,E912
45209,えびの市,E91229
45341,北諸県郡三股町,E912
45361,西諸県郡高原町,E912296
45382,東諸県郡国富町,E91237
45383,東諸県郡綾町,E912377
45401,児湯郡高鍋町,E912378
45402,児湯郡新富町,E912378
45403,児湯郡西米良村,E912
45404,児湯郡木城町,E912
45405,児湯郡川南町,E912378
45406,児湯郡都農町,E912612291333835
45421,東臼杵郡門川町,E91261
45429,東臼杵郡諸塚村,E912614
45430,東臼杵郡椎葉村,E912
45431,東臼杵郡美郷町,E91261
45441,西臼杵郡高千穂町,E91261
45442,西臼杵郡日之影町,E91261
45443,西臼杵郡五ヶ瀬町,E91261
46201,鹿児島市,E9122
46203,鹿屋市,E9122
46204,枕崎市,E9122
46206,阿久根市,E91228
46208,出水市,E9122
46210,指宿市,E91226
46213,西之表市,E9122
46214,垂水市,E9122
46215,薩摩川内市,E9122
46216,日置市,E9122
46217,曽於市,E91229
46218,霧島市,E91229
46219,いちき串木野市,E91228
46220,南さつま市,E9122
46221,志布志市,E912
46222,奄美市,E6788
46223,南九州市,E9122
46224,伊佐市,E91229
46225,姶良市,E91229
46303,鹿児島郡三島村,E9122
46304,鹿児島郡十島村,E6788
46392,薩摩郡さつま町,E9122
46404,出水郡長島町,E912
46452,姶良郡湧水町,E91229
46468,曽於郡大崎町,E9122
46482,肝属郡東串良町,E912269
46490,肝属郡錦江町,E91226
46491,肝属郡南大隅町,E912265
46492,肝属郡肝付町,E91226
46501,熊毛郡中種子町,E91223
46502,熊毛郡南種子町,E912236
46505,熊毛郡屋久島町,E9122
46523,大島郡大和村,E67881
46524,大島郡宇検村,E67881
46525,大島郡瀬戸内町,E67881
46527,大島郡龍郷町,E6788
46529,大島郡喜界町,E678828
46530,大島郡徳之島町,E678
46531,大島郡天城町,E678
46532,大島郡伊仙町,E678577
46533,大島郡和泊町,E67849
46534,大島郡知名町,E678495
46535,大島郡与論町,E6784
47201,那覇市,E67842
47205,宜野湾市,E678428
47207,石垣市,E67726
47208,浦添市,E678428
47209,名護市,E67845
47210,糸満市,E67842
47211,沖縄市,E678452
47212,豊見城市,E67842
47213,うるま市,E6784
47214,宮古島市,E6773
47215,南城市,E678428
47301,国頭郡国頭村,E67846
47302,国頭郡大宜味村,E6784
47303,国頭郡東村,E6784
47306,国頭郡今帰仁村,E678456
47308,国頭郡本部町,E67845
47311,国頭郡恩納村,E67845
47313,国頭郡宜野座村,E678453
47314,国頭郡金武町,E67845
47315,国頭郡伊江村,E678455
47324,中頭郡読谷村,E678452
47325,中頭郡嘉手納町,E678452
47326,中頭郡北谷町,E6784522
47327,中頭郡北中城村,E6784
47328,中頭郡中城村,E6784288
47329,中頭郡西原町,E6784288
47348,島尻郡与那原町,E6784285
47350,島尻郡南風原町,E678428
47353,島尻郡渡嘉敷村,E6784
47354,島尻郡座間味村,E678419
47355,島尻郡粟国村,E678446
47356,島尻郡渡名喜村,E678442
47357,島尻郡南大東村,E6786142
47358,島尻郡北大東村,E678
47359,島尻郡伊平屋村,E6784
47360,島尻郡伊是名村,E6784594
47361,島尻郡久米島町,E678
47362,島尻郡八重瀬町,E678428
47375,宮古郡多良間村,E67734
47381,八重山郡竹富町,E6772
47382,八重山郡与那国町,E677254449917636